e_recall@1,e_recall@2,e_recall@4,e_recall@8
0.5335921674544227,0.6657663740715732,0.7729574611748818,0.8549966239027684
0.05114787305874409,0.08305199189736664,0.13149898717083053,0.19412559081701553
0.007427413909520594,0.02025658338960162,0.03578663065496286,0.07207967589466577
0.10955435516542876,0.17403781228899393,0.2596218771100608,0.3787981093855503
