e_recall@1,e_recall@2,e_recall@4
0.5425388251181634,0.6666103983794733,0.7785280216070223
0.5408507765023632,0.6666103983794733,0.7763335584064821
0.5440580688723835,0.6684672518568535,0.7766711681296421
0.5430452397029034,0.6677920324105334,0.7773463875759622
