e_recall@1,e_recall@2,e_recall@4
0.5565496286293046,0.674375422012154,0.7847738014854828
0.39821066846725184,0.5293720459149224,0.6613774476704929
0.26941255908170153,0.38419986495611075,0.5195813639432816
0.36951384199864956,0.4978055367994598,0.6318365968939905
